Study,Atelectasis,Cardiomegaly,Consolidation,Edema,Pleural Effusion
CheXpert-v1.0/valid/patient00000/study1,0.01856817537918687,0.20062760636210442,0.02782135969027877,0.010340397653635591,0.057092403061687946
CheXpert-v1.0/valid/patient00000/study2,0.1199241355061531,0.9135668873786926,0.11962051689624786,0.09562999755144119,0.6042094230651855
